model_classification,predicted_classification,,Matched?
background,background,,True
background,background,,True
background,background,,True
background,background,,True
background,background,,True
background,background,,True
background,background,,True
background,background,,True
background,background,,True
background,background,,True
background,background,,True
background,background,,True
background,background,,True
background,background,,True
method,method,,True
background,background,,True
background,background,,True
background,background,,True
background,background,,True
background,background,,True
background,background,,True
background,background,,True
background,background,,True
background,background,,True
background,background,,True
background,background,,True
background,background,,True
background,background,,True
background,background,,True
background,background,,True
background,background,,True
result,background,,False
background,background,,True
background,background,,True
background,background,,True
method,method,,True
background,background,,True
result,result,,True
background,background,,True
background,background,,True
background,background,,True
background,background,,True
background,background,,True
background,background,,True
background,background,,True
background,background,,True
background,background,,True
background,background,,True
background,background,,True
method,method,,True
method,method,,True
background,background,,True
background,background,,True
method,method,,True
background,background,,True
background,background,,True
background,background,,True
background,method,,False
background,background,,True
background,background,,True
background,background,,True
background,background,,True
background,background,,True
background,background,,True
result,background,,False
background,background,,True
background,background,,True
background,background,,True
method,method,,True
background,background,,True
result,result,,True
background,background,,True
result,result,,True
background,background,,True
background,background,,True
background,background,,True
background,background,,True
background,result,,False
background,background,,True
background,background,,True
background,background,,True
background,background,,True
result,background,,False
background,background,,True
background,background,,True
background,background,,True
result,result,,True
background,background,,True
background,background,,True
background,background,,True
background,background,,True
background,background,,True
background,method,,False
background,background,,True
background,background,,True
background,background,,True
background,background,,True
background,background,,True
background,background,,True
result,result,,True
method,method,,True
background,background,,True
background,background,,True
method,method,,True
background,background,,True
method,method,,True
background,method,,False
background,background,,True
result,result,,True
background,background,,True
background,background,,True
result,result,,True
background,background,,True
background,background,,True
background,background,,True
background,background,,True
background,background,,True
background,background,,True
background,background,,True
background,background,,True
background,background,,True
method,method,,True
background,background,,True
background,background,,True
background,background,,True
background,background,,True
background,background,,True
background,background,,True
background,background,,True
background,background,,True
background,background,,True
background,background,,True
background,background,,True
background,background,,True
background,background,,True
background,background,,True
background,background,,True
background,background,,True
background,background,,True
background,background,,True
method,method,,True
result,background,,False
background,background,,True
background,background,,True
background,background,,True
method,method,,True
background,background,,True
result,background,,False
background,background,,True
background,background,,True
background,background,,True
background,background,,True
background,background,,True
background,background,,True
background,background,,True
background,background,,True
background,background,,True
background,background,,True
background,background,,True
method,method,,True
background,background,,True
background,background,,True
background,background,,True
background,background,,True
background,background,,True
background,background,,True
background,background,,True
background,background,,True
background,background,,True
background,background,,True
background,background,,True
background,background,,True
background,background,,True
background,background,,True
background,background,,True
background,background,,True
background,background,,True
background,background,,True
background,background,,True
background,background,,True
method,background,,False
background,background,,True
background,background,,True
background,background,,True
background,background,,True
background,background,,True
background,background,,True
method,method,,True
background,background,,True
background,background,,True
background,background,,True
background,background,,True
background,background,,True
background,background,,True
method,method,,True
background,background,,True
background,background,,True
background,background,,True
background,background,,True
background,background,,True
background,background,,True
method,method,,True
background,background,,True
background,background,,True
background,background,,True
background,background,,True
background,background,,True
background,background,,True
background,background,,True
background,background,,True
background,background,,True
background,background,,True
background,background,,True
background,background,,True
background,background,,True
background,background,,True
method,method,,True
background,background,,True
background,background,,True
background,background,,True
background,background,,True
background,background,,True
method,method,,True
background,background,,True
background,background,,True
background,background,,True
background,background,,True
background,background,,True
background,background,,True
background,background,,True
background,background,,True
background,background,,True
background,background,,True
method,method,,True
method,method,,True
background,background,,True
background,method,,False
background,background,,True
background,background,,True
background,background,,True
background,background,,True
background,background,,True
method,method,,True
background,background,,True
background,background,,True
method,method,,True
background,background,,True
background,background,,True
background,background,,True
background,background,,True
background,background,,True
background,background,,True
background,background,,True
background,background,,True
result,result,,True
background,background,,True
background,background,,True
background,background,,True
background,background,,True
background,background,,True
background,background,,True
background,background,,True
background,background,,True
background,background,,True
background,background,,True
background,background,,True
background,background,,True
background,background,,True
background,background,,True
background,background,,True
background,background,,True
background,background,,True
background,background,,True
background,background,,True
background,background,,True
result,result,,True
background,background,,True
background,background,,True
background,background,,True
background,background,,True
background,background,,True
background,background,,True
background,background,,True
method,method,,True
background,background,,True
background,background,,True
background,background,,True
background,background,,True
background,background,,True
background,background,,True
background,background,,True
background,background,,True
background,background,,True
background,background,,True
background,background,,True
background,background,,True
background,background,,True
background,background,,True
result,background,,False
background,background,,True
method,method,,True
background,background,,True
background,background,,True
background,background,,True
background,background,,True
background,background,,True
background,background,,True
background,background,,True
background,background,,True
background,background,,True
background,background,,True
background,background,,True
background,background,,True
background,background,,True
background,background,,True
method,method,,True
background,background,,True
background,background,,True
background,background,,True
background,background,,True
background,background,,True
background,background,,True
background,background,,True
background,background,,True
background,background,,True
background,background,,True
background,background,,True
background,background,,True
background,background,,True
background,background,,True
method,method,,True
background,result,,False
background,background,,True
background,background,,True
background,background,,True
background,background,,True
background,background,,True
background,background,,True
background,background,,True
background,background,,True
background,background,,True
background,background,,True
background,background,,True
background,background,,True
background,background,,True
result,background,,False
background,background,,True
background,background,,True
background,background,,True
result,result,,True
method,background,,False
method,method,,True
background,background,,True
background,background,,True
background,background,,True
background,background,,True
background,background,,True
background,background,,True
background,background,,True
background,background,,True
background,background,,True
background,background,,True
method,method,,True
background,background,,True
background,background,,True
background,background,,True
background,background,,True
background,background,,True
background,background,,True
background,background,,True
background,background,,True
background,background,,True
background,background,,True
background,background,,True
background,background,,True
background,background,,True
result,result,,True
background,background,,True
background,background,,True
background,background,,True
background,background,,True
background,background,,True
background,background,,True
method,method,,True
result,method,,False
background,background,,True
background,background,,True
background,background,,True
background,background,,True
method,method,,True
background,background,,True
background,method,,False
result,result,,True
background,background,,True
background,result,,False
background,background,,True
background,background,,True
background,background,,True
background,background,,True
background,background,,True
background,background,,True
background,background,,True
background,background,,True
background,background,,True
background,background,,True
background,background,,True
background,background,,True
background,background,,True
method,method,,True
background,background,,True
background,background,,True
background,background,,True
background,background,,True
method,method,,True
background,background,,True
background,background,,True
background,background,,True
background,background,,True
background,background,,True
method,method,,True
background,background,,True
background,background,,True
background,background,,True
background,background,,True
method,method,,True
method,method,,True
background,background,,True
background,background,,True
background,background,,True
method,method,,True
background,background,,True
background,background,,True
background,background,,True
background,background,,True
background,background,,True
background,background,,True
background,background,,True
background,background,,True
background,background,,True
background,background,,True
background,background,,True
background,background,,True
background,background,,True
method,method,,True
background,background,,True
background,background,,True
result,result,,True
background,background,,True
background,background,,True
background,background,,True
background,background,,True
background,background,,True
background,background,,True
background,background,,True
result,result,,True
background,background,,True
background,background,,True
background,background,,True
background,background,,True
background,background,,True
background,background,,True
background,background,,True
background,background,,True
background,background,,True
background,background,,True
background,background,,True
background,background,,True
background,background,,True
background,background,,True
background,background,,True
method,background,,False
background,background,,True
result,result,,True
method,method,,True
background,background,,True
result,background,,False
background,background,,True
background,background,,True
background,background,,True
background,background,,True
result,background,,False
background,background,,True
background,background,,True
background,background,,True
background,background,,True
background,background,,True
background,background,,True
background,background,,True
result,result,,True
background,method,,False
background,background,,True
method,method,,True
background,background,,True
background,background,,True
background,background,,True
background,background,,True
background,background,,True
background,background,,True
background,background,,True
background,background,,True
background,background,,True
background,background,,True
background,background,,True
background,background,,True
background,background,,True
background,background,,True
background,result,,False
background,background,,True
background,background,,True
background,background,,True
background,background,,True
background,background,,True
background,background,,True
method,method,,True
background,background,,True
method,method,,True
background,background,,True
background,background,,True
background,background,,True
background,background,,True
background,background,,True
result,background,,False
method,method,,True
background,background,,True
background,background,,True
method,background,,False
background,background,,True
background,background,,True
background,background,,True
background,background,,True
background,background,,True
background,background,,True
background,background,,True
method,method,,True
background,background,,True
background,background,,True
background,background,,True
background,background,,True
background,background,,True
background,background,,True
background,background,,True
method,method,,True
background,background,,True
method,method,,True
background,background,,True
background,background,,True
result,background,,False
background,result,,False
background,background,,True
background,background,,True
background,background,,True
background,background,,True
background,background,,True
background,background,,True
background,background,,True
background,background,,True
background,background,,True
background,background,,True
background,background,,True
background,background,,True
background,background,,True
background,background,,True
background,background,,True
background,background,,True
background,background,,True
background,background,,True
background,background,,True
background,background,,True
background,background,,True
background,background,,True
background,background,,True
background,background,,True
background,background,,True
background,background,,True
background,background,,True
method,method,,True
background,background,,True
background,background,,True
background,background,,True
background,background,,True
background,result,,False
background,background,,True
background,background,,True
background,background,,True
background,background,,True
background,background,,True
result,background,,False
method,method,,True
background,background,,True
background,background,,True
background,background,,True
background,background,,True
background,background,,True
background,background,,True
result,result,,True
background,background,,True
background,background,,True
background,background,,True
background,background,,True
background,background,,True
background,background,,True
background,background,,True
method,method,,True
background,background,,True
method,method,,True
background,background,,True
background,background,,True
method,method,,True
result,result,,True
background,background,,True
background,background,,True
background,background,,True
background,background,,True
background,background,,True
result,background,,False
method,method,,True
background,background,,True
background,background,,True
background,background,,True
background,background,,True
background,result,,False
background,background,,True
background,background,,True
background,background,,True
background,background,,True
background,background,,True
background,background,,True
background,background,,True
background,background,,True
background,background,,True
background,background,,True
method,method,,True
background,background,,True
background,background,,True
background,background,,True
background,background,,True
background,background,,True
background,background,,True
background,background,,True
background,background,,True
background,background,,True
background,background,,True
background,background,,True
background,background,,True
background,background,,True
background,background,,True
background,background,,True
background,background,,True
background,background,,True
background,background,,True
background,background,,True
background,background,,True
background,background,,True
background,background,,True
background,background,,True
method,method,,True
background,background,,True
background,background,,True
background,background,,True
background,background,,True
background,background,,True
result,result,,True
background,background,,True
background,background,,True
background,background,,True
background,background,,True
background,background,,True
background,background,,True
method,method,,True
background,background,,True
background,background,,True
background,background,,True
background,background,,True
background,background,,True
background,background,,True
background,background,,True
background,background,,True
background,background,,True
method,method,,True
background,background,,True
background,result,,False
background,background,,True
background,background,,True
result,background,,False
method,background,,False
result,result,,True
background,background,,True
background,background,,True
background,background,,True
background,background,,True
background,background,,True
method,method,,True
background,background,,True
method,method,,True
background,background,,True
result,background,,False
background,method,,False
background,background,,True
background,background,,True
background,background,,True
method,method,,True
background,background,,True
background,background,,True
result,result,,True
background,background,,True
background,background,,True
method,method,,True
background,background,,True
background,background,,True
background,background,,True
background,background,,True
background,background,,True
background,background,,True
result,result,,True
method,method,,True
background,result,,False
background,background,,True
background,background,,True
background,background,,True
background,background,,True
background,background,,True
background,background,,True
background,background,,True
background,background,,True
background,background,,True
background,background,,True
result,background,,False
background,background,,True
background,background,,True
background,background,,True
background,background,,True
background,result,,False
background,background,,True
background,background,,True
background,background,,True
background,background,,True
background,background,,True
background,background,,True
background,background,,True
background,background,,True
background,background,,True
background,background,,True
method,method,,True
background,background,,True
background,background,,True
background,background,,True
background,background,,True
background,background,,True
background,background,,True
background,background,,True
background,background,,True
background,background,,True
background,background,,True
background,background,,True
background,background,,True
background,background,,True
background,background,,True
background,background,,True
background,background,,True
background,background,,True
background,background,,True
background,background,,True
background,background,,True
background,background,,True
background,background,,True
background,method,,False
background,background,,True
background,background,,True
background,background,,True
background,background,,True
background,background,,True
method,method,,True
method,method,,True
background,background,,True
background,background,,True
background,background,,True
background,background,,True
background,background,,True
background,background,,True
background,background,,True
background,background,,True
background,background,,True
background,background,,True
background,background,,True
method,method,,True
background,background,,True
background,background,,True
background,background,,True
background,background,,True
background,background,,True
background,background,,True
background,background,,True
background,background,,True
result,result,,True
result,result,,True
background,background,,True
background,background,,True
background,background,,True
result,background,,False
background,background,,True
background,background,,True
background,background,,True
background,background,,True
background,background,,True
method,method,,True
method,method,,True
result,background,,False
background,background,,True
background,background,,True
background,background,,True
background,background,,True
background,background,,True
background,background,,True
background,background,,True
background,background,,True
background,background,,True
background,background,,True
background,background,,True
result,background,,False
method,background,,False
method,method,,True
method,method,,True
background,background,,True
background,background,,True
background,background,,True
background,background,,True
background,background,,True
background,background,,True
background,background,,True
background,background,,True
background,background,,True
method,method,,True
background,background,,True
background,background,,True
result,background,,False
method,method,,True
background,background,,True
background,background,,True
background,background,,True
background,background,,True
background,background,,True
background,background,,True
background,background,,True
background,background,,True
background,background,,True
background,background,,True
background,background,,True
background,background,,True
background,background,,True
background,background,,True
background,background,,True
background,background,,True
background,background,,True
background,background,,True
background,background,,True
background,method,,False
background,background,,True
background,background,,True
background,background,,True
background,background,,True
background,background,,True
background,method,,False
background,background,,True
background,background,,True
background,background,,True
background,background,,True
background,background,,True
background,background,,True
background,background,,True
background,background,,True
background,background,,True
background,background,,True
background,background,,True
background,background,,True
background,background,,True
background,background,,True
background,background,,True
method,method,,True
background,background,,True
background,background,,True
method,method,,True
background,background,,True
background,background,,True
background,background,,True
background,background,,True
background,background,,True
background,background,,True
background,background,,True
background,background,,True
result,result,,True
background,background,,True
method,method,,True
background,background,,True
result,result,,True
background,background,,True
background,background,,True
background,background,,True
background,background,,True
background,background,,True
result,background,,False
result,background,,False
background,background,,True
background,background,,True
background,background,,True
background,background,,True
background,background,,True
background,background,,True
background,background,,True
background,background,,True
method,method,,True
result,result,,True
background,background,,True
background,background,,True
background,background,,True
background,background,,True
background,background,,True
background,background,,True
background,background,,True
background,background,,True
method,method,,True
background,background,,True
background,background,,True
background,background,,True
background,background,,True
background,background,,True
background,background,,True
result,result,,True
background,background,,True
background,background,,True
background,background,,True
background,background,,True
method,method,,True
background,background,,True
background,background,,True
method,method,,True
background,background,,True
method,method,,True
background,background,,True
background,background,,True
background,background,,True
background,background,,True
result,background,,False
background,background,,True
background,background,,True
background,background,,True
background,background,,True
background,background,,True
result,background,,False
background,background,,True
background,background,,True
background,background,,True
result,result,,True
background,background,,True
background,background,,True
background,background,,True
background,background,,True
background,background,,True
method,method,,True
background,background,,True
background,background,,True
background,background,,True
background,background,,True
background,background,,True
method,background,,False
background,background,,True
background,background,,True
background,background,,True
result,background,,False
background,background,,True
background,background,,True
background,background,,True
background,background,,True
background,background,,True
background,background,,True
background,background,,True
background,background,,True
background,background,,True
background,background,,True
background,background,,True
background,background,,True
background,background,,True
background,method,,False
background,background,,True
background,background,,True
background,background,,True
background,background,,True
method,method,,True
background,background,,True
background,background,,True
background,background,,True
background,background,,True
background,background,,True
background,background,,True
method,method,,True
background,background,,True
background,background,,True
method,method,,True
background,background,,True
result,background,,False
background,background,,True
